{"episodes": 12000, "win_rate": 0.4850833333333333, "final_epsilon": 0.00998645168764533}